id,prediction
32884,0
3169,1
32206,1
9403,0
14020,0
17201,0
879,0
23757,1
10821,0
14355,0
32311,0
31850,0
13595,0
21871,0
16735,1
8040,0
14064,1
17688,0
15507,0
37480,1
17267,0
1670,1
8528,0
15755,1
20770,1
36915,1
33728,0
22969,0
8925,0
144,0
36968,0
36562,0
40868,0
14050,1
10835,0
11042,0
23685,0
24425,0
8725,0
25809,0
24999,1
12662,0
41020,0
756,0
28062,0
6314,0
12357,0
12515,0
23461,0
6108,0
32668,0
38202,0
2464,0
33789,0
15983,1
12893,0
24129,1
27059,1
39196,0
29731,0
27101,0
4500,0
27190,0
3419,0
40576,0
26278,0
38246,0
1631,0
2990,0
37777,0
18428,0
26095,0
32714,0
35636,0
18183,0
216,0
13328,0
24444,0
25602,0
3445,0
33317,0
13282,0
4243,0
13926,0
3270,0
34279,0
34151,0
18143,0
26517,0
8085,0
27441,0
41031,0
25158,1
26621,0
38324,0
8231,1
28107,0
11011,0
532,0
11511,0
22236,0
36852,1
38578,0
10646,1
29822,0
16548,0
2000,0
28517,0
17075,0
6330,0
29675,0
18294,0
23558,0
7945,0
23678,0
11335,1
729,0
20940,0
4168,0
33960,1
11096,0
4009,0
22492,0
6222,1
25749,1
22363,1
15476,1
13028,0
10016,0
10098,1
29959,0
7474,1
13544,0
22979,1
13321,0
15044,0
40190,0
40819,0
6065,0
22232,0
35080,0
6912,1
857,0
35753,0
9590,0
3290,0
34533,0
22846,1
14181,0
12005,0
37977,0
4559,0
22944,0
5987,0
11806,0
6245,0
16227,0
35751,0
10089,0
29632,0
37063,0
31440,0
37493,0
23250,1
13415,0
26915,0
33666,0
25576,0
40348,0
36547,0
33718,0
39440,0
27129,0
6112,0
10329,1
4325,0
24079,0
19565,0
28924,0
2385,1
26749,1
27147,0
8278,0
20190,0
14005,0
37330,0
24135,1
2757,0
8814,0
40163,0
37795,0
26142,0
3986,1
26938,1
28909,0
9060,1
40629,1
26890,1
19651,0
9254,0
9267,0
28238,0
30626,0
25837,0
24965,1
15572,0
18917,0
7775,1
657,0
23505,0
21272,0
14240,1
24203,0
40467,1
2830,0
943,0
4215,0
30156,0
23363,1
29526,1
24387,0
14040,0
14938,1
41100,0
25361,0
26418,1
2004,0
34293,0
23422,0
37635,0
9701,1
15968,0
25441,0
6882,0
36538,1
18392,1
36152,0
28781,0
27941,0
8201,0
38615,0
29650,1
7760,0
17944,0
14422,0
25100,0
37872,0
10861,0
37234,0
5382,1
35028,0
3861,0
34644,0
39220,0
2761,0
3375,0
13270,0
10030,0
36044,0
33469,0
34181,1
23075,1
24450,1
41121,0
31199,0
40291,0
38159,0
24494,0
16954,1
24122,0
9506,1
23336,0
7915,1
37482,0
31678,1
22782,1
35220,0
34066,1
21099,0
14928,0
15638,0
38357,0
28019,0
6136,0
5907,0
39822,0
19735,1
5707,1
12169,0
11583,1
35930,0
6390,1
35834,0
23084,0
26166,1
24007,0
25767,0
21187,0
10183,0
16801,0
1930,0
25076,0
5001,0
11810,0
1430,0
13206,0
21012,0
30358,0
22231,0
3220,0
14154,0
31594,0
30879,0
40055,1
3519,1
11843,0
430,0
24854,0
30591,0
38124,0
29226,0
12513,0
37511,0
39856,0
34220,0
17377,0
12584,0
18838,0
18481,0
1503,0
15917,1
20021,0
13787,0
29518,1
38537,0
37789,0
26702,1
31776,0
12353,1
29525,0
39496,0
34956,0
21255,0
12724,0
28486,0
3715,0
38588,1
29663,0
1077,0
6188,0
28896,0
32046,0
32315,0
28382,1
12079,0
31792,0
7,0
26842,0
19060,0
37700,0
8718,0
8561,0
3928,0
16810,0
13831,0
25543,0
28472,0
2624,0
29910,0
9758,0
4851,0
7029,0
10477,0
20412,1
14111,0
25228,0
13906,0
17147,0
12957,0
22613,0
11342,0
13525,0
10930,0
5822,0
9798,0
38509,0
24873,0
6988,0
11922,1
36338,0
22110,0
2992,0
28751,0
17134,0
16596,0
24510,0
35542,0
9285,0
41048,0
23389,0
40718,0
31693,0
5749,0
41161,0
6660,0
31418,0
39928,0
26862,0
6428,0
22254,0
4156,0
1291,0
11911,0
22874,0
31990,0
32744,0
39392,0
11220,0
33626,0
585,0
35318,0
465,0
27284,0
40110,0
14295,0
20771,0
27248,1
33060,0
9093,0
37403,0
8552,0
32788,0
16604,0
23709,1
19498,0
22691,0
1045,0
16690,1
34123,0
11527,0
11474,0
7947,0
314,0
37054,1
14606,1
34869,1
32697,0
5466,1
21741,0
5457,0
12051,1
21712,0
8494,0
30390,0
23306,1
37935,0
25768,0
17708,0
16846,0
18720,0
18380,0
14471,0
25265,1
38072,0
25541,0
18245,1
18399,0
22825,0
9331,0
13701,0
962,0
8239,0
17128,0
8357,0
19526,0
32156,0
6133,0
5549,0
21215,0
23327,0
30459,0
20484,0
15491,0
33881,1
3154,0
16115,1
2055,1
28089,0
20040,0
25450,0
776,0
26513,0
33619,0
9353,0
25928,0
9284,0
6119,0
10081,0
32033,0
17428,0
19245,0
30780,0
35601,1
40857,0
34402,0
1603,0
17742,0
8658,1
35456,0
27295,0
9126,0
28956,0
38991,1
13316,0
33336,1
12966,0
7707,0
38268,0
38225,0
20562,1
6600,0
1681,1
3886,0
27651,0
20708,0
21161,0
802,0
20275,0
21026,0
4128,0
22524,1
22247,1
35498,0
33615,0
10544,0
476,0
26011,0
17398,1
15001,0
40679,0
32770,0
17516,0
1402,0
20262,0
35156,1
14884,0
5886,0
31645,0
31236,0
27351,0
4086,0
1905,1
26599,1
28040,0
14572,0
5488,0
8223,0
39781,0
12010,0
15010,0
18278,0
35409,0
27070,0
38622,1
22802,1
7481,0
33163,0
15319,0
37503,0
37344,0
29325,1
22768,1
14302,0
31689,0
33410,0
40263,1
21982,0
10308,0
36891,1
36421,0
18400,1
1682,0
19125,0
26640,0
36583,1
32456,0
12627,1
8193,0
22103,0
30968,0
24279,1
1975,1
24991,0
6835,0
30731,0
22199,1
29463,0
37949,0
3944,0
6420,0
40990,1
30496,0
1807,0
11331,0
38815,0
14969,0
15024,1
29015,0
4564,1
40493,0
26584,0
37357,0
22892,0
38891,0
40192,0
4032,0
19152,0
12918,0
39454,0
37279,1
10676,1
40765,0
11917,0
3016,0
10500,1
37837,0
25111,0
10090,0
19067,1
31975,0
31193,0
13455,0
21571,0
38645,0
31699,0
31929,0
27779,0
14563,0
4580,0
24870,0
1282,0
20665,0
39130,1
4241,0
28646,0
33780,1
37749,0
23587,0
26294,0
12296,1
22840,0
12507,0
23631,0
18537,0
6415,0
7330,0
7932,0
1278,0
9520,0
7335,0
19487,0
20070,0
37589,0
22549,0
8375,0
13312,0
34385,0
39827,0
2399,0
4048,0
12153,0
28944,1
2726,0
34124,0
13396,0
25673,1
12821,0
26296,0
28550,0
25153,1
28986,0
5170,0
13214,0
24350,0
27852,0
18501,0
31234,1
11897,0
26191,0
24189,0
4867,0
21234,0
24392,1
23701,0
37522,1
10202,1
18885,0
11204,0
19509,1
40814,0
35258,0
252,0
28788,0
8406,0
21091,0
967,0
7892,0
17687,0
21594,1
19032,0
15452,0
39838,0
6334,0
19497,0
23887,0
19110,0
18251,1
9478,0
16166,0
38245,0
18694,0
17994,0
37634,0
28479,0
11839,0
15538,0
32806,0
4741,0
14019,1
20404,0
19246,0
34398,0
4650,0
22311,0
9025,0
17539,0
28181,0
21108,0
2528,0
18432,0
40678,0
13804,0
6682,1
37457,0
1331,0
21130,1
36370,0
27049,0
36400,0
37665,0
5882,0
4199,0
26216,0
28330,0
39931,1
18349,1
3161,0
17707,1
21802,0
11899,0
1731,1
23681,0
34099,0
7231,0
16307,0
24852,1
5323,0
12311,0
24038,1
14664,0
22306,0
2331,1
9925,0
18457,0
34223,1
9539,0
10671,0
15176,0
24653,0
28066,0
19099,0
12256,0
41109,0
13352,0
38795,0
19237,0
31644,0
30950,0
34819,0
21005,0
38830,1
14858,0
5306,1
27333,0
39909,1
16643,0
210,0
936,0
2362,0
30609,1
61,0
15576,0
1457,0
37006,0
15178,1
39354,1
3798,0
27539,0
13972,0
24521,0
19746,1
16274,0
8156,0
34083,0
37647,0
32918,0
19098,0
31255,0
31965,1
482,0
19365,0
37595,0
24909,0
3836,0
2081,0
11749,0
36175,0
40534,0
10398,0
31710,0
6186,0
33074,1
32664,0
29786,0
12389,0
21794,1
22351,0
25760,0
11821,1
22321,0
17319,0
740,0
29464,0
21297,0
34034,0
1748,1
37708,0
6915,1
11129,0
9975,0
35933,0
32485,0
25399,0
2494,0
29647,1
28414,0
39505,0
1392,0
12585,1
17860,1
26663,0
33116,0
32145,0
21617,0
29027,0
18957,0
13810,0
12172,0
4449,0
18503,0
6521,0
23361,0
15232,1
1992,0
25434,0
7528,0
5687,0
36430,0
5411,0
31178,0
39728,0
5864,1
20948,0
34986,0
37716,0
12080,0
41056,0
28775,0
2158,0
40337,0
3115,0
1687,0
20826,0
11965,1
10125,0
15714,0
9621,0
5421,1
26851,0
22158,0
686,0
31532,1
25367,0
24412,0
33731,1
31383,0
19858,0
7852,0
25080,0
5183,0
12573,0
4740,0
7580,1
20779,0
19663,1
36463,0
38801,0
7161,0
734,0
35665,0
26396,0
7762,0
27419,0
26744,0
2445,1
20233,0
27391,0
4819,0
37053,1
3829,0
9266,0
13969,0
22137,1
15877,0
6810,0
9134,0
20136,0
22920,1
32243,0
625,1
27976,0
16542,0
14749,0
33390,0
40062,0
40916,0
7567,0
5034,0
17766,0
13066,0
24131,0
35540,0
20068,1
20535,0
13501,0
24787,0
33607,0
4750,0
30265,0
37972,0
217,1
40648,1
26266,0
16749,0
36056,0
36726,0
23206,1
32748,0
28772,0
7679,1
34709,0
30052,0
7289,0
1395,0
1962,0
38780,0
2299,0
10497,0
26835,0
2554,0
35207,0
30553,1
9159,0
22026,0
7998,0
39639,1
13058,0
11790,1
29407,1
35951,0
16253,0
2644,0
14989,0
6926,0
20783,1
16401,0
4785,0
12617,0
22201,1
14655,0
16145,0
8006,0
38089,0
29916,0
5102,0
33229,0
39203,0
27603,0
8116,0
3105,1
40645,0
6748,0
30121,1
32904,0
39843,0
37079,1
29728,0
15211,0
4657,0
22508,0
725,0
26954,0
21237,0
28624,1
32670,0
33813,0
8768,0
7438,0
20363,0
28745,0
31535,0
16468,0
2743,0
16404,0
34504,1
32687,0
17095,0
37637,0
21956,0
15296,0
29589,0
40934,0
2247,0
36419,0
35969,0
34365,0
32867,1
36296,0
5231,0
6233,0
5954,0
40,0
15107,0
15555,1
33423,0
28697,0
13970,0
8934,1
35611,0
8358,0
31800,0
33610,1
38362,0
28539,0
2110,0
21628,1
20251,0
1451,1
2269,0
24337,0
36189,0
15002,0
27771,1
30201,0
2868,0
3488,0
6134,0
3242,0
18341,0
36502,1
23087,0
2744,0
29213,0
27650,0
3265,0
37654,0
12044,0
38644,0
5661,0
3818,1
29190,0
14311,0
39346,0
9556,0
34298,0
40015,0
24603,1
1464,0
20737,0
18930,0
28009,0
40804,0
7721,0
2259,1
15230,0
11902,0
37594,1
26226,0
9606,0
5697,0
37170,0
27933,0
20604,1
28791,0
10323,0
2135,0
36804,0
14848,0
34073,0
2300,0
38763,0
28291,0
17698,1
25950,0
7040,1
2111,1
16656,0
17724,0
23219,1
33875,0
32917,0
15822,0
4518,0
40453,0
22788,0
9444,0
25261,0
14417,0
12629,0
30493,0
8161,0
8034,1
24715,0
23038,1
32106,1
6821,0
32588,0
38794,0
8891,0
18606,1
41114,0
15041,0
14084,0
4526,0
10632,1
31504,0
14532,0
3168,0
32776,0
24916,0
4630,0
11770,1
31224,0
37623,0
7258,0
14264,1
39537,0
5148,0
29981,0
14774,0
19599,0
14775,0
24360,0
816,0
21210,0
3269,0
34827,0
5098,0
5712,0
30594,0
29599,0
385,1
38283,0
1985,0
20057,0
9974,0
35390,1
12013,1
36213,1
9672,1
11898,0
1043,1
30084,0
28515,0
4146,0
16423,0
4289,1
31056,1
28681,0
34639,0
30946,1
20882,0
8305,1
31126,0
39984,0
22548,0
1033,0
30441,0
26094,0
19536,0
10709,0
10445,1
24613,0
34555,0
18776,0
11472,0
30934,0
32608,1
34922,0
39123,0
22246,0
9132,0
5921,0
31520,0
21044,0
31832,0
36483,1
35939,0
16426,0
36595,0
23805,0
12430,1
9564,0
12913,0
34815,0
1139,1
19295,0
31432,0
8350,1
13905,0
15375,0
7986,1
6002,0
9527,0
34091,0
32266,0
5815,0
2982,0
21925,0
34810,0
13588,0
3564,0
14320,0
23264,0
9666,0
35073,0
19490,0
25042,0
16284,0
26379,0
30906,0
28281,0
10984,1
29890,0
17909,0
26163,0
32554,0
8270,0
33450,1
17135,0
7524,1
40235,0
33304,0
23734,0
37979,0
17247,0
32548,1
28622,0
9565,0
22457,0
21229,0
20959,0
2322,0
26455,0
7656,1
22972,0
7600,0
28856,0
8225,0
22238,1
12337,0
38479,0
32237,0
22810,0
26678,0
17832,1
32137,1
35194,0
15392,0
19395,0
10241,0
13459,0
22783,1
3177,0
32892,0
24903,1
1557,1
26237,0
7576,0
25617,0
32851,0
29584,1
41058,0
4273,0
36131,0
27792,0
18076,1
32110,1
5941,0
28184,1
19600,0
1791,0
9238,0
32771,0
27131,0
12968,0
1866,1
9010,0
13420,0
33526,0
24677,0
21485,1
20302,0
8845,0
16255,0
29427,1
7364,0
18134,0
17055,0
12599,0
34686,0
30149,0
22655,1
26774,0
30104,0
20572,0
16134,0
27511,0
18427,0
1993,0
19090,0
32397,0
21462,1
28256,0
26061,0
17470,0
22678,0
9186,0
4800,0
30018,0
31856,0
13752,0
30185,0
27593,0
17249,0
20087,1
32755,1
34890,0
2865,0
37483,0
12831,0
18010,1
23439,1
17490,0
38802,0
6736,1
32268,0
33832,0
16010,0
30787,0
36470,0
31377,0
33016,1
23249,0
20503,0
708,0
8777,0
11189,0
4884,0
41113,1
31172,0
17410,0
8295,0
26805,0
37710,0
29930,0
26635,0
17035,0
19078,0
21936,0
36070,0
26169,0
17172,0
2746,0
27821,1
30153,0
12037,0
20273,0
33577,0
30558,1
109,0
12616,0
6315,0
1900,0
8343,0
17702,0
14552,0
21073,0
13278,1
7891,0
30023,0
28569,0
30288,1
4824,0
13658,0
39418,0
24776,0
7427,0
5843,0
22557,0
18742,0
23965,1
27966,0
37825,1
36779,0
17815,0
22213,0
11069,0
38057,0
32462,0
18818,0
37428,0
16728,0
3277,1
14573,0
38024,0
28139,0
14402,0
7602,1
37543,1
13198,0
34641,0
7918,0
14474,0
34029,0
34694,0
7560,0
37221,0
20873,1
32090,0
39327,0
5567,0
2645,0
1673,0
9658,0
18872,1
24766,1
17697,1
4817,0
27980,0
33289,0
37155,0
37866,0
28966,0
29640,0
30400,0
35558,0
9301,0
15124,0
11605,0
7327,0
32231,0
13077,0
5134,0
18989,0
35471,0
17483,0
15019,0
7180,1
8241,0
5114,0
24216,1
682,0
9097,0
24096,0
29965,0
12865,0
36829,0
12431,0
7162,0
31946,0
9317,0
9087,1
30917,1
5288,1
19827,0
17295,0
24198,1
8857,0
30541,0
11097,0
24634,0
31200,0
1570,1
20537,0
22609,0
33019,0
38387,0
27078,0
4347,0
28516,0
15097,0
37931,0
18600,0
39492,1
33485,0
13008,0
7337,0
36125,0
3640,1
21890,0
6526,0
12898,0
40673,0
9055,0
14065,0
37536,0
40385,1
15561,0
16028,0
23680,0
10951,0
32404,0
14416,0
33250,1
30983,0
11562,1
1829,0
7557,0
35477,0
18469,0
40011,0
16054,0
20944,0
8570,0
39608,0
30642,0
17679,0
19723,1
15000,0
34957,1
5329,0
21437,0
4384,0
12285,0
30529,0
12266,0
24081,1
9270,1
17034,1
39345,0
19533,0
32365,0
3931,0
24793,0
34465,0
38457,0
22859,0
26023,0
10943,0
32979,0
27365,0
22108,0
9058,0
6739,1
17854,0
28545,0
16062,0
9549,0
15953,0
13954,0
36414,0
3001,0
33044,0
32944,0
36826,0
39089,0
28847,0
32370,0
9976,0
32677,0
11300,0
22183,0
16595,0
35445,0
39988,0
20693,0
12354,0
29380,1
24349,0
27063,1
27470,0
12461,0
5360,0
6480,0
16467,0
31398,0
11178,0
20911,0
6633,0
8277,0
29350,0
29302,0
18869,0
19511,0
23948,1
6969,0
39879,0
6552,0
27257,0
37807,0
3095,0
3953,1
29285,0
18104,0
11288,0
25418,0
10850,0
27512,1
28390,0
21857,0
15509,0
16483,0
30967,0
14200,1
9737,0
40859,0
36534,1
23120,0
15681,0
14014,0
14453,0
19609,0
11500,0
22546,1
12143,0
36959,0
33031,1
953,0
37648,0
16718,0
32905,0
7781,1
15243,0
40405,0
36896,0
5100,0
608,0
33152,0
34088,0
19711,1
13177,0
354,0
23133,0
17317,0
35693,0
20938,0
5071,0
15481,0
1736,0
31748,0
16655,1
5352,1
25005,0
8482,0
3425,0
15027,0
27118,0
6994,0
37141,0
8692,0
12509,0
37253,0
791,1
8393,0
9685,0
7251,1
23285,0
1808,0
17746,0
8687,0
31449,0
2608,1
27745,0
5795,0
30073,0
19151,0
1796,0
13047,0
30120,0
4968,1
17961,0
8247,0
11550,0
29485,0
2276,0
32995,0
27392,0
29942,0
198,0
3942,0
29983,0
21880,0
20563,0
12709,0
7984,1
9235,0
9648,0
38039,1
1319,0
10369,0
27725,0
7650,1
29448,0
11376,0
7379,0
32707,0
11903,0
35332,0
5186,0
3792,0
34684,0
12299,0
36121,0
3434,0
35963,0
39234,1
32227,0
30172,1
7778,0
12083,0
28160,1
26322,1
26719,0
32906,0
39775,0
2915,1
36553,0
29184,0
36503,0
2531,0
429,1
16572,0
38975,0
5553,0
4283,0
22654,0
38871,0
33103,0
22608,0
19534,0
22845,0
35562,0
28957,0
2296,0
3593,0
34200,0
22653,0
19113,0
33503,0
6551,0
17487,1
31865,0
35765,0
3780,0
23497,0
17887,0
35679,0
39472,0
25973,0
34316,0
35454,0
28588,0
28417,0
1398,0
28821,0
8568,0
1323,0
29514,1
17060,1
35469,0
12179,0
29494,0
31012,0
36508,0
21893,0
4520,1
7401,0
1467,0
18496,0
33984,0
35576,1
39867,0
24483,0
23153,0
9366,0
13577,1
470,0
39329,0
38277,0
4811,0
12030,0
17925,0
262,0
21861,1
10421,1
22252,0
39451,0
4029,0
28431,0
19272,0
5053,0
35286,0
34834,0
29519,0
20163,1
22235,0
24320,1
15411,1
29400,1
6316,0
29242,0
39023,0
31617,0
9313,0
5576,0
8565,0
13610,0
28897,0
3930,0
14945,0
5478,0
24668,0
15670,0
35232,1
15837,0
15750,0
12033,1
22197,1
10178,0
18796,0
1864,0
22970,0
19300,1
12315,0
15239,0
40196,0
40151,0
5260,0
5654,0
39320,0
35499,0
23850,0
1911,0
40266,0
1554,0
17786,0
38381,0
18003,0
22744,0
14607,1
15406,0
25145,0
17056,0
40694,0
11014,0
10853,0
24025,1
18593,0
26448,0
28929,0
34345,0
13399,1
37049,0
9281,0
8059,0
31146,1
32785,1
23204,0
30839,0
2351,0
28904,0
9464,0
32988,0
1786,0
27910,0
16773,0
32780,0
13968,0
38724,0
624,0
6161,1
20717,0
3615,0
9753,1
38384,0
4569,0
27841,1
7815,0
28070,0
35704,0
19211,0
37553,1
16522,0
9792,0
38219,0
36371,0
17053,0
3539,0
5959,0
27239,0
28323,0
6803,0
1895,0
19524,1
36669,1
35497,0
23679,0
18508,0
39480,0
35457,0
20834,0
40674,0
40029,0
34224,0
32571,0
32019,0
32852,0
30571,1
32273,0
39243,0
5787,0
1623,0
2635,0
15769,0
12093,1
21102,0
30269,0
32768,0
33902,0
39490,0
26528,0
5020,0
21046,0
1487,0
12593,1
16947,0
32257,0
7390,0
17000,0
30385,1
35635,0
24463,0
32521,0
9994,1
35155,0
3018,0
25125,0
5726,1
3318,0
26404,0
26812,1
39420,0
24377,0
38177,0
17255,0
1647,0
19045,0
1697,0
39980,0
18206,0
40323,0
25290,0
11658,1
33358,0
14261,1
17054,0
38317,0
17807,1
4421,0
25402,0
9724,0
4165,0
17120,0
37902,0
11574,0
40508,0
8801,0
25862,0
15130,0
9604,0
13039,0
32986,0
34537,0
15914,0
11807,0
8780,1
19471,0
6868,1
21488,0
3253,0
18571,0
29338,0
37915,0
10175,0
32582,0
10863,1
40302,0
39485,0
655,0
25098,0
5211,0
18974,0
323,1
24471,0
30693,0
11191,1
3568,0
35326,0
16230,0
30597,0
6111,0
20915,0
28437,0
4647,0
38857,0
35078,0
304,0
1484,1
6662,0
480,0
11661,0
8821,0
31246,0
18355,0
40710,0
31407,0
28317,0
25526,0
38071,0
28381,0
4615,0
25889,0
38448,1
24018,0
20427,0
17593,0
4265,0
26520,1
6211,0
26063,0
2826,0
31581,0
11732,0
14627,0
21900,0
3929,1
28124,0
38129,0
13914,1
22878,0
3548,0
12774,1
5715,0
4093,0
14180,0
35357,0
10877,0
33717,0
25580,0
31951,0
1640,0
18784,0
17227,1
28050,0
15109,0
18550,0
5401,0
39184,0
9898,0
550,0
6871,0
34214,1
38289,0
19214,0
2767,0
10994,0
12272,1
70,0
11836,1
15564,0
1442,0
22567,0
9661,0
7033,0
853,0
5144,0
7901,0
38661,0
21719,1
12594,1
33994,0
28005,0
10092,0
15297,0
14424,0
33522,0
13552,0
20265,0
30434,0
11501,1
128,1
20020,0
30237,0
14725,0
1175,0
11238,0
24247,0
31443,0
36924,0
28713,0
30534,0
25694,0
25898,0
18529,0
15986,0
12038,0
20178,0
11239,0
27447,1
11398,0
22755,0
11893,0
2772,0
15841,0
28420,0
14657,0
23589,0
23111,1
16511,0
7592,0
3622,0
20822,0
19887,0
15146,0
30235,0
33247,0
469,0
6293,0
27363,1
1240,0
23421,1
39232,1
23745,0
16030,1
19028,1
30017,1
39848,0
24369,0
21546,0
10747,0
8042,0
5946,0
17418,1
31066,0
6605,1
24172,0
11224,0
4448,0
38180,0
29560,1
39903,0
2541,0
11427,0
13624,0
13549,0
28696,0
26766,1
24261,0
27362,0
26885,0
6524,0
861,0
6735,0
40016,0
19085,0
30239,0
23362,0
40928,0
2348,0
1483,0
3785,1
2980,0
8564,1
2182,0
20038,0
14303,0
23297,0
3876,0
21420,1
28945,0
13099,1
31282,1
25315,0
24056,0
21191,0
38666,0
20543,0
25086,0
34495,0
14631,0
4152,0
11635,0
3214,0
15153,0
15145,1
36624,1
4217,0
3461,0
37980,1
33260,0
3150,0
15135,0
10949,0
19966,1
21444,0
21052,0
26701,0
39270,0
7725,0
7594,0
926,0
28589,0
5809,0
40879,1
16729,1
40601,1
2020,0
4619,0
27849,0
21278,0
34024,0
26578,0
12116,0
38234,0
35718,0
40038,0
32491,0
34696,0
39263,1
37288,1
16883,0
20410,0
39522,1
31842,0
16315,0
2174,0
4144,0
17505,1
6612,1
6346,0
26338,0
28695,0
38272,1
2625,1
30047,0
499,0
27720,0
5572,0
1453,0
23677,0
29701,1
37068,1
3855,0
30703,0
36824,0
31025,0
40611,0
39960,0
4855,1
13302,0
12728,0
36489,0
18491,0
35182,0
16156,0
27164,0
37596,0
9712,0
36530,1
40791,0
35844,1
15956,0
12895,0
75,0
10656,1
26923,0
3719,0
24294,0
12871,0
26991,0
17313,0
23542,0
20417,0
34318,0
31072,0
6705,0
25423,0
17537,0
311,0
5227,0
19951,0
5893,1
35387,0
40702,1
32469,0
30377,0
26131,0
35629,0
10915,0
7809,0
37224,1
24404,0
24753,0
17781,0
7718,0
17002,0
26982,0
36132,1
25131,0
12068,0
6100,0
23269,0
25485,0
7201,0
33219,0
10586,0
28573,0
4183,0
39739,0
3933,0
39363,0
8256,0
28936,0
6401,0
6824,0
18560,0
438,0
21578,0
8904,0
30655,1
19244,0
2969,0
5757,0
15865,1
20934,0
27352,0
35338,0
34768,0
29469,1
3979,0
5875,0
12962,0
21178,1
36363,0
36052,0
26748,0
33909,0
7468,0
22186,1
24737,0
1072,1
8586,0
30252,0
11321,0
40704,1
34183,0
6742,0
16410,0
32458,1
11237,0
35592,0
26127,0
9810,1
38630,0
17581,0
29471,0
16731,0
23278,1
19820,0
40185,1
21388,0
40907,0
27984,0
3000,0
22305,0
1,0
34751,1
14528,0
20920,0
27154,0
7321,0
25050,0
9401,0
30524,0
1426,0
29071,0
27057,0
10575,0
39271,0
31121,0
19492,0
13687,0
9738,0
25813,1
31974,0
1656,1
26243,0
26603,1
7325,0
32405,0
40090,1
1034,0
13857,0
36149,0
37808,0
29698,0
21030,0
896,0
35374,0
2877,0
5321,0
37012,0
23163,0
2907,0
32807,0
39186,1
18123,0
27590,0
20883,1
34210,0
10008,1
8317,1
13059,0
8238,0
38876,1
27217,0
40589,0
33843,0
14381,0
29313,0
1675,0
21668,0
34863,1
14006,0
5881,0
39350,1
32170,0
2231,1
30918,1
6914,0
33520,0
34725,0
13,0
2814,1
33347,0
23770,0
20492,0
18564,0
1418,1
1536,1
15459,0
12505,1
15780,0
14851,0
33911,0
10600,0
13639,0
9985,0
8135,0
8932,0
23743,0
14198,1
11905,0
36094,0
39393,1
16026,0
24155,1
26697,1
17975,0
36904,0
30243,0
1784,0
1213,0
28319,0
6324,0
37997,0
23976,1
23451,0
27427,0
40378,0
11225,0
37163,0
33849,0
9779,0
21978,1
11104,0
34337,0
6515,0
38007,0
40030,0
21396,0
38853,1
39409,1
20164,0
27805,0
8439,0
26377,0
2813,0
2875,0
13069,0
49,0
25414,0
38983,0
16414,0
8659,0
21597,0
22649,0
4203,1
13320,0
33111,0
16298,0
27111,0
37162,1
631,1
14703,0
12064,0
12230,0
31033,0
30278,0
3248,0
31275,0
27695,0
18809,0
24740,0
23883,0
20416,0
6433,1
35389,0
15431,1
29180,0
21960,0
21567,0
14314,0
29843,0
30094,1
12426,1
11878,0
37936,0
39486,0
32023,0
12981,1
32122,0
29474,1
20634,0
6194,0
38322,0
26837,0
30044,0
26703,0
38380,0
26618,1
36839,0
12730,0
9263,0
1174,0
21910,0
26392,0
29779,0
23080,0
19048,0
36504,0
17228,1
596,0
35452,0
14018,0
14233,0
16797,1
10996,0
3899,0
40451,0
24177,0
1478,0
40054,0
1078,0
35824,0
15283,0
39782,0
30365,0
18303,0
471,0
31267,1
16966,0
36195,0
35691,1
38708,0
6231,0
21320,0
32162,0
26059,0
17681,0
33348,0
27893,0
23149,0
36950,0
19914,0
36315,0
27555,0
30226,0
23273,1
27148,1
15609,0
3391,0
37758,0
6698,0
19626,0
20912,0
31906,0
29358,0
37629,0
32460,0
34623,0
6985,0
3350,0
30675,0
26002,0
13315,0
10157,0
12705,0
9806,0
6847,0
28335,1
40177,0
22638,1
32428,0
13267,1
1566,0
428,0
15652,0
20351,1
7132,0
7062,0
96,0
35543,1
25672,0
27121,0
10936,1
21056,0
23441,0
35697,0
7149,0
25604,0
23575,1
27620,0
6039,0
7411,0
28159,0
3460,0
19788,0
19608,0
6043,0
2265,0
37081,0
1162,0
28830,0
12547,1
20283,0
34853,0
3628,1
38123,0
2893,0
12946,1
3431,1
39710,0
8409,0
1413,0
13108,0
33440,0
8471,0
12839,0
29999,1
35233,0
6024,0
39515,0
14221,0
3356,0
26949,1
36097,0
17657,0
13736,0
16055,0
8021,0
29653,1
13130,0
447,0
22856,0
800,1
20123,0
17714,0
40000,1
24567,0
3885,0
33238,0
38561,0
16601,1
30827,1
21261,0
23882,0
34607,0
19671,0
12725,0
34589,0
25941,0
13197,1
26632,0
26229,0
26803,0
7315,0
27891,0
16416,0
6759,0
15435,0
10648,0
204,0
3416,0
12477,0
31796,0
33058,0
28771,0
1562,0
584,1
13014,0
29030,0
35372,0
10189,0
21331,0
34452,0
4201,0
18115,0
36969,1
26315,0
14074,0
22665,0
2791,0
16953,0
5960,0
37668,0
22294,0
12800,0
13793,0
14487,0
37290,1
21656,0
3281,0
34609,1
18264,0
19570,0
8090,0
18607,0
33311,0
86,0
724,0
35858,0
38942,0
14085,1
30261,0
16248,0
27894,0
17126,0
15897,0
31223,0
23514,1
12136,0
18219,1
14632,0
10134,0
24629,0
9548,1
2325,1
6482,0
27347,0
17039,0
13660,1
2585,0
39413,0
18203,0
6481,0
21208,0
39727,0
8713,1
30546,0
18894,0
22795,1
38101,0
21535,0
24046,0
1023,0
20819,0
3698,0
18097,1
12690,0
38541,0
35115,1
34440,0
7706,0
12081,0
7229,0
32470,0
30765,0
1763,1
4913,0
6442,0
23947,0
1270,0
29449,0
22316,0
39009,0
27262,1
1232,0
30748,1
13062,1
11813,0
24176,1
6434,0
7827,0
22417,0
16190,0
2595,0
1188,0
19351,0
18180,0
13655,1
40472,0
17354,0
35053,0
13754,0
37549,0
13659,0
21593,0
7729,1
9928,0
1303,1
39662,0
24126,1
30700,0
22730,0
39255,1
25581,0
1599,0
2149,0
27522,0
39533,0
36080,0
16804,0
11275,0
8541,0
29919,0
16552,0
37399,0
29865,1
9036,0
39823,0
27214,0
20231,1
22579,0
9240,0
10428,0
2133,0
2650,0
40550,0
30759,0
14907,1
30965,0
15665,0
8500,0
6972,0
13574,1
11963,0
16268,0
9561,1
11404,0
20060,0
5692,0
40654,0
22083,1
36564,0
5262,0
26468,0
38363,0
34547,0
4237,0
13904,0
26770,0
35309,0
27617,1
2116,0
35602,0
26780,0
10381,0
36350,0
25320,0
35998,0
21222,0
37047,0
24915,1
27275,0
263,1
10065,0
19869,0
273,1
31354,0
4990,0
16918,0
15594,0
5920,1
36340,0
1194,0
13797,0
31339,0
6675,1
27986,0
14854,0
34074,0
36740,0
4160,0
31313,0
35593,0
14766,0
39518,0
37896,0
10628,0
22122,0
36205,1
32761,0
40957,0
29547,0
15885,0
36862,1
40316,0
6013,1
3502,1
14095,0
14223,0
31369,0
21626,0
29370,1
40822,0
8957,0
25165,0
15838,1
16357,0
19848,0
21701,1
26993,0
12613,0
1157,0
36796,0
24138,0
16316,0
39846,0
10718,0
15783,0
28599,0
14508,0
41074,0
24731,1
37666,0
26321,0
14483,0
30345,0
25690,0
27055,0
7886,0
2741,0
6493,0
343,0
19546,1
27095,0
39829,0
31867,1
13360,1
3230,0
38985,0
32190,0
2308,0
28519,1
31155,0
39077,0
6904,0
10765,0
10406,0
12607,0
25066,0
1699,0
24461,0
31989,0
23230,0
14344,1
36409,0
30085,0
4401,0
27178,1
10240,0
18507,1
12310,0
12678,0
19855,0
38372,0
505,0
25295,0
34388,1
8421,1
23556,0
10031,1
41088,0
37331,0
19645,0
21561,0
18686,0
3643,0
7948,0
16367,0
39500,0
35606,0
34736,0
3555,1
31687,0
3581,0
31494,0
322,0
4455,0
20407,0
28814,0
10324,0
19189,0
26428,0
36693,1
15143,0
25861,0
14747,0
34685,0
17289,0
6870,0
10859,0
31681,0
29251,0
28110,0
11367,1
12138,0
621,0
24228,0
39918,0
32935,0
22854,0
25077,0
19304,0
32902,1
31456,0
15337,0
14463,0
27722,0
15726,0
19722,0
21069,0
4548,1
33395,1
12168,0
28612,0
26594,0
15140,1
36822,0
34451,0
40745,0
40779,0
509,0
36307,0
22909,0
29674,0
14612,0
20198,1
7755,1
32340,0
25786,1
10665,1
5754,0
6703,0
37178,0
12301,0
37342,0
24695,0
26944,0
36285,0
2649,1
10882,0
27012,0
39302,0
26864,0
14934,0
6072,1
20585,0
28455,0
13370,0
40461,0
19833,1
8879,0
36217,0
4672,0
6367,0
8919,0
28651,0
38922,0
20869,1
32532,1
25764,0
20962,1
3141,0
26176,0
11072,0
4506,1
18270,0
33072,0
2984,0
8363,0
748,0
5219,0
39044,0
377,1
22464,0
32531,1
15603,0
9856,1
11060,0
31565,0
13685,0
35669,0
23162,0
12480,0
32234,0
7745,0
29281,1
27748,0
13745,0
4280,0
22284,0
3510,0
5199,0
3074,0
11504,0
7375,0
25303,0
25888,0
16413,0
33959,0
11849,0
4034,0
2240,0
23015,0
40878,0
4047,0
16951,1
41054,0
26522,0
36643,0
32129,0
180,0
11165,0
38506,0
1616,0
38094,0
3049,0
33424,0
11499,0
31983,0
8721,0
4556,1
7193,0
20994,0
16487,0
8824,1
39019,0
29091,1
22894,0
17183,0
19357,1
13167,0
23536,0
30178,0
30469,0
25335,1
31765,1
27108,0
23420,0
17723,0
32192,0
3418,0
22664,0
29397,1
14499,0
18189,0
2043,0
30711,0
33441,0
1243,0
37928,0
36690,0
39841,1
39581,0
32751,0
24136,0
13166,0
37024,1
2858,0
7133,0
35116,0
30939,0
25239,0
6892,0
20759,0
22035,0
21660,0
11578,1
26112,0
6267,0
1346,0
1179,0
15718,0
9057,0
11827,0
3102,1
13078,1
8383,0
5342,0
34458,0
2277,0
13614,0
5770,0
4850,0
25024,1
39497,0
4639,0
22983,0
18218,0
29146,0
38285,0
35838,0
34413,0
30417,0
19682,1
23414,0
16394,0
30394,1
38036,0
17353,0
6529,0
30942,0
9035,1
29949,0
20937,0
38358,0
17406,0
16540,0
9473,1
27683,0
501,0
9532,0
20797,1
29529,0
23692,0
17235,0
3604,0
24023,0
2885,0
16432,0
40937,0
31327,0
12144,0
26527,0
2935,0
17722,1
10869,0
4095,0
8960,0
18906,0
17680,0
4689,0
40855,0
32045,0
32339,0
316,0
14001,0
12843,0
21858,0
14840,1
40336,0
31469,1
12058,0
1332,0
14121,1
32361,0
19204,0
10365,0
278,0
12216,0
27300,0
2374,0
16971,0
13082,1
31052,0
21920,1
17466,1
25696,0
40173,0
32120,0
5354,0
374,0
5857,0
2087,0
27390,0
3104,0
14324,0
29761,0
7499,0
11259,0
10803,0
1253,0
17271,0
37966,0
23774,1
31281,0
36160,0
11222,0
21328,1
30627,0
4932,0
2360,0
17518,0
37359,0
29985,1
15800,0
9750,0
4291,1
22587,0
30304,0
27744,0
29093,0
12492,0
28296,0
20094,0
14337,0
2323,0
498,0
25859,1
37854,0
11764,0
17644,0
25775,0
33899,0
26750,0
23656,0
7544,0
13517,0
26152,0
27297,0
32349,0
18810,0
396,0
8842,0
19831,1
10797,0
9682,0
8111,0
19372,1
8477,1
37712,0
32256,0
25639,0
22175,1
10277,0
9786,0
28175,0
9790,0
28871,0
33826,0
10840,0
30986,0
14798,0
13032,0
10921,0
6275,0
5223,0
26510,0
37273,0
15188,1
35027,0
30477,1
19334,0
27866,0
25193,0
26195,0
24275,1
30465,0
17125,0
5198,0
11912,0
26261,0
5683,1
7112,1
40938,0
32384,1
24640,0
12119,0
5011,0
3227,0
8037,1
8975,1
16906,0
5503,1
21318,0
26782,0
11933,0
33795,0
4336,0
16176,0
475,0
25516,0
22817,0
35217,0
32111,1
23802,0
928,1
12759,0
7516,1
20636,1
22862,1
29563,0
12471,1
18873,0
30192,0
19305,0
25386,0
14807,1
35343,0
29137,0
23801,0
22396,1
23179,0
457,0
4543,0
27371,0
27911,0
18597,0
5121,0
37177,0
1638,0
25718,0
23844,0
20386,0
20232,1
8410,0
1219,1
3843,1
3705,0
3388,0
6361,0
7732,1
26254,0
20885,0
9163,0
22697,0
27705,0
17191,0
29834,0
36785,0
24117,0
14280,0
21080,0
33600,1
9351,1
34423,1
2290,0
22446,0
8602,0
6839,0
39771,0
3028,1
7974,0
7402,0
38511,0
10153,0
34718,0
8618,0
4,0
35803,0
5865,0
19442,0
1668,1
28443,0
6427,0
28857,1
19387,0
20066,0
22285,0
35682,1
32134,0
27556,0
27097,0
18851,0
5159,0
911,0
13070,0
22460,0
37534,1
33603,0
9419,0
14756,0
20383,0
30724,0
1000,0
2505,0
33033,0
33981,0
10802,1
20285,1
772,0
5195,0
38562,0
31102,0
22628,0
20743,0
6394,0
28628,0
33775,0
18513,0
14403,0
34492,0
22946,0
277,0
32741,0
22317,0
27134,0
40213,0
32135,0
20521,0
22062,0
2279,0
1912,0
37499,0
27929,0
38603,0
5751,0
24305,0
22121,0
20728,1
7336,0
6193,1
19850,0
20379,0
27479,0
4056,0
19872,1
18113,1
30491,0
29821,0
7212,1
24516,0
4285,1
1146,0
23498,0
21391,0
21349,0
5874,0
20949,0
13326,0
36036,0
36973,0
25347,0
38262,0
261,0
2145,0
32550,0
30215,0
35231,0
7759,0
8596,0
28183,0
10221,0
26571,0
40509,1
9392,0
35528,0
2507,0
28352,0
22146,0
19805,0
25391,1
12160,0
6340,0
16420,0
17822,1
34637,0
18188,1
26257,0
11762,0
1427,0
38307,0
9169,1
35856,0
36240,0
7579,1
20835,0
39105,0
2730,0
18478,1
29010,0
20986,0
21276,0
33504,0
35103,0
22188,0
6573,0
33437,0
18973,1
2622,1
19898,0
1801,0
12955,1
7609,0
7406,0
38744,0
34491,0
5225,0
10888,1
8420,0
5030,0
1285,0
20009,0
3243,0
7294,0
6670,0
1901,1
35424,0
516,0
3108,0
1416,0
15895,0
36597,0
28004,0
985,1
15738,0
36457,0
23125,0
28530,1
8668,1
24963,0
26873,0
40464,0
566,0
18046,0
30656,0
16614,0
8510,0
9381,0
19849,0
17792,0
28447,0
18488,0
29634,0
39293,1
21993,0
38306,0
4949,0
38096,1
18336,1
13466,0
12900,0
12611,0
37222,0
12708,1
35308,0
36846,0
26041,1
11644,0
25070,1
17372,0
20240,1
2496,0
36437,1
40198,0
27838,0
14558,0
9731,0
38894,0
17284,0
21892,0
10200,0
36655,0
30006,0
25454,0
18735,0
6014,0
7722,1
13991,0
6689,0
19036,0
1052,0
16041,0
3056,0
3619,0
26610,0
6620,1
33772,1
27845,0
11484,0
25260,0
38117,0
29126,0
35485,0
4998,1
1012,0
31303,0
9577,0
41025,0
10874,0
31082,0
1109,0
28199,1
5035,0
30997,0
21374,0
24268,1
39482,0
20042,0
1107,0
33887,0
1133,0
24163,0
29827,0
23784,0
34473,0
41152,0
28660,1
37724,0
18955,0
7094,0
15081,0
22801,0
40104,0
26980,0
26067,0
35453,0
14475,0
35814,0
20205,1
29524,0
38566,0
37274,0
10393,0
6246,0
28418,0
26068,0
16858,0
20525,0
32488,0
9858,1
22214,0
19847,0
31589,1
8188,0
2825,1
33622,1
32319,0
21077,0
1491,0
39716,0
26343,0
37875,1
33481,0
4729,0
25887,0
39094,1
30829,0
7578,0
15871,1
15959,0
26444,0
30203,0
2856,0
13236,0
26538,1
10388,0
18614,0
14658,0
20571,0
843,0
22642,0
6902,1
36239,0
16207,0
15731,1
12971,0
32461,0
479,0
34307,0
5676,0
12063,0
7980,0
266,1
38497,0
6319,1
1090,0
14384,0
11082,0
14428,0
1124,0
38679,0
26620,0
3193,0
36112,0
34659,1
20613,0
18370,0
39425,1
16875,0
16221,0
14592,1
15703,0
9766,0
1048,0
40786,0
8475,0
28726,0
26439,0
35694,0
2952,0
28730,0
409,0
35977,0
26187,0
35331,0
31452,0
39861,0
26100,0
29766,0
10480,0
26065,0
5646,0
4508,1
30081,1
842,0
37196,0
14876,0
19594,0
32861,0
9767,1
14806,0
16114,1
19809,0
12623,0
37042,0
33188,0
2150,0
31913,0
10520,0
5426,1
2680,0
7586,1
17863,0
26080,0
9694,1
7836,1
20197,0
573,0
5662,0
28058,0
1465,0
884,1
32742,0
9003,0
6046,0
3438,0
25571,0
10226,0
3441,0
1846,0
2029,0
2851,0
7844,0
33512,0
2561,0
16372,0
4419,0
38943,1
18367,1
4504,0
36813,0
6802,0
21901,0
12200,0
13757,0
37052,0
34535,0
29839,0
21963,0
27448,0
30181,0
35199,0
31790,0
25980,0
12372,0
10347,0
31762,0
19196,0
20155,1
30474,1
19080,0
27865,0
37341,0
31620,0
33378,0
27182,1
35136,0
8013,0
11028,1
40740,1
9194,0
39175,0
19774,0
6049,0
12214,0
25779,0
108,0
33061,0
39025,0
28266,1
28752,0
26305,0
18505,1
10527,0
14981,0
32164,0
34238,0
23266,0
1108,0
13611,0
14454,1
34153,1
31729,0
20377,0
25437,0
16872,0
32181,0
9000,0
24626,1
23374,0
18769,0
31515,0
40759,0
17736,0
36808,0
17432,0
30999,0
28774,0
33357,0
33333,0
24971,0
890,0
6036,0
25615,0
441,0
27698,1
19303,0
10644,0
29986,0
15356,0
31807,0
32719,0
491,0
6809,0
17474,0
38430,0
28449,0
609,1
1968,0
38105,1
23311,0
28698,0
22930,0
25224,0
38353,0
34140,0
17631,1
3142,0
22406,0
1339,0
21089,1
20876,0
9398,1
34242,0
25583,0
8920,0
20148,1
1441,1
17520,0
10243,0
22381,0
35783,0
32871,0
30716,0
3935,0
4974,0
30030,0
25353,1
18911,0
10410,0
13748,1
3035,0
8647,0
5286,0
38149,0
26047,0
1131,1
40361,0
8729,1
24093,0
6808,0
29639,0
7298,0
6921,0
17608,0
14921,0
2863,0
33177,0
18282,0
16337,1
26597,0
25404,0
17340,0
8388,0
14914,1
2232,0
32326,0
12628,0
32431,0
15526,0
26948,0
6165,0
21921,0
10843,0
3219,0
4859,0
25631,0
27204,0
30479,0
39385,1
37591,0
17799,0
37523,0
30343,0
36092,1
31641,0
36531,1
5504,0
6933,0
26004,0
31738,0
20616,0
5653,1
4738,1
14654,1
31360,1
19224,0
11466,0
28359,0
39548,0
22953,0
24401,0
10063,0
268,0
33839,0
16900,1
16323,0
4387,1
37082,0
40297,1
36295,0
1553,0
24928,0
32493,0
13226,0
38651,0
12733,0
35807,0
1423,0
52,0
35099,0
274,0
26357,0
37705,0
13993,0
23103,0
10276,0
21010,0
34714,0
10598,0
28925,0
38959,0
14190,0
35071,0
17984,0
36580,1
22667,0
24631,0
18002,0
3840,0
27999,0
27093,1
30726,0
19253,0
14611,0
31631,0
18159,0
30473,0
29585,0
23597,0
16305,0
16050,0
14156,0
22112,1
14750,1
3077,0
24164,0
11895,0
13125,0
18305,1
20118,0
11024,0
13192,1
4178,1
15578,0
10901,0
24803,0
28973,1
9248,0
30012,0
10171,0
24318,0
17828,0
2532,0
24568,1
4530,1
19261,0
34061,1
24923,0
21547,0
1396,0
27237,0
21882,0
23,0
34355,0
24403,1
23058,0
8339,0
940,0
9905,1
5640,0
31595,0
23160,0
8723,0
34873,0
34999,0
14125,0
1788,1
24420,0
34189,1
8022,0
20450,0
25925,0
1512,0
6648,0
8969,0
35555,0
5152,0
34037,1
33651,0
31964,0
27639,0
5563,0
11368,0
6757,0
21501,1
9929,0
2306,0
6350,0
13997,1
29456,1
308,0
10137,0
34626,1
12945,0
28965,1
13922,1
35325,1
15653,0
12376,0
28800,0
38973,0
2138,0
5841,0
39875,1
34102,0
15180,0
7525,0
32250,0
10986,0
8537,0
26521,0
41137,0
9932,0
40535,0
6699,0
3922,0
8341,0
21362,1
17176,1
34559,0
35928,0
39083,0
10849,0
2273,0
37488,0
17315,0
34203,0
18326,0
27312,0
37339,1
1704,0
9291,0
9836,1
2527,0
20794,0
39112,0
31671,0
7301,0
24979,1
37310,1
36906,0
14740,0
32558,0
36775,0
7969,0
16429,0
13792,0
36215,0
29442,0
7780,0
1113,0
32187,0
21308,0
13431,1
26927,0
28123,1
40961,0
35334,0
8374,1
1576,1
5373,0
17775,0
4815,0
20560,0
20443,0
38482,0
9192,0
8326,0
14090,1
15258,1
13061,1
10279,0
30735,0
10630,0
17419,0
7555,0
31175,0
27767,0
9997,0
15826,0
38013,0
21855,0
10138,0
39441,0
12148,1
25513,0
6404,0
15912,1
28459,0
36200,0
35623,0
30757,0
39318,0
2760,0
34045,0
32147,0
23417,0
16765,0
32839,0
523,0
27495,0
17977,0
1165,0
22769,0
32838,0
28169,0
36537,0
5042,0
30300,0
22125,0
13208,0
38530,0
35314,0
1819,1
22390,0
9207,0
35241,0
14564,0
7142,0
13144,1
28450,1
16620,0
11858,0
19587,0
25282,0
12362,0
40039,0
12711,0
15113,0
9562,0
16200,0
35841,1
342,0
37670,0
18887,0
40746,0
7615,1
39561,0
26185,0
19993,0
8492,0
5667,0
39091,0
13089,0
21250,0
30792,0
10075,0
23865,0
1590,0
22078,1
31062,0
3085,0
37805,0
8739,0
18192,0
27381,1
8321,0
28452,1
25096,1
40962,0
22747,1
17656,0
26330,0
6753,1
7625,0
5501,0
19785,0
38424,0
38267,0
9640,0
3106,0
28528,0
17894,0
9287,0
34778,0
18234,0
35416,0
23636,0
2237,0
4563,0
20772,1
13927,0
37514,0
17782,0
33962,0
38507,0
2286,0
40995,0
32612,0
40856,0
14208,0
9021,0
26001,0
41041,0
39570,1
28422,0
32213,0
5216,0
12892,0
22176,0
19326,0
34838,0
23030,0
27296,0
35561,0
38670,0
23605,0
15785,1
37140,0
13617,0
31830,0
32545,0
38496,0
24585,0
23775,0
19661,0
11815,0
6326,0
19841,1
40591,1
15298,0
37607,0
19794,1
14723,0
21433,0
4202,0
25841,0
14348,0
9842,0
1412,0
24711,1
38254,0
10499,0
2185,0
14652,0
32322,0
21480,0
14644,0
38442,0
29185,1
1876,0
33817,0
16109,0
34573,0
14894,1
2891,0
37187,0
36827,0
24184,0
33952,0
3635,0
22095,0
4157,0
22290,0
23788,1
20261,1
21629,0
26054,1
35983,0
9040,0
14710,0
30241,0
32208,0
28007,0
32274,1
28170,0
3737,0
39286,0
21481,0
18094,0
26858,1
33511,1
8122,0
39199,1
3113,0
22034,0
25769,1
19376,0
25352,0
564,0
5343,0
9129,1
17281,0
34597,1
27861,1
39637,0
8966,0
5395,0
30904,0
39053,0
13983,0
25656,0
2525,0
20554,0
13962,0
39634,0
19851,0
17989,0
14555,0
22753,0
12830,1
34985,1
26075,0
35413,1
32941,1
39569,0
25528,0
32280,0
36335,0
33475,1
23399,0
17834,0
22749,0
34860,0
39556,0
12107,0
27318,1
37679,0
16930,0
8274,0
251,0
37839,0
11626,0
11426,0
25972,0
11872,0
39762,0
25243,0
6146,0
681,0
9073,0
26852,1
22098,0
3852,0
8952,0
16188,1
18739,0
8790,1
35833,0
28792,0
9006,0
3835,0
35915,0
14131,1
15676,0
7409,0
28023,0
10054,0
32331,0
34789,0
10873,0
34403,0
17511,0
32465,0
2229,0
34771,0
11077,0
28996,0
28591,0
19783,0
8322,0
8480,0
33682,0
8474,0
22251,1
33268,1
29220,0
32522,1
24572,0
20680,0
21790,0
24493,1
9845,0
23522,1
37154,0
36638,0
313,1
37696,0
14875,0
22216,0
34023,0
24002,0
16112,0
4194,1
25668,0
15035,0
19166,0
22377,1
6365,0
38529,0
15400,0
29784,0
4400,0
3875,0
21853,0
25393,0
13308,0
38611,0
6215,0
20368,0
3063,0
2115,0
18773,0
24148,0
5471,0
18749,0
9801,1
248,1
12407,0
40366,1
36565,1
31381,0
25236,1
21738,1
39886,0
29170,1
32302,0
27917,0
16155,1
9061,0
31577,0
31202,0
19289,0
30704,0
36293,0
16808,0
4550,0
593,0
16922,0
15541,1
16100,0
20941,0
9681,0
6793,0
4726,0
3946,0
29316,0
25486,0
28284,1
25943,0
6756,0
35859,0
14217,0
27800,0
7950,0
12263,0
36763,0
34962,0
25493,0
20430,0
38528,0
19057,0
30964,0
30236,1
15922,0
7672,0
83,0
979,0
15851,0
23910,0
5115,0
33042,1
19235,1
15505,0
2295,1
11081,0
4640,0
25166,0
13637,1
32281,1
12967,1
9303,0
13205,1
5523,0
27963,0
27269,1
5201,0
15341,0
25286,0
37225,1
12795,0
38979,0
25600,0
29785,0
26978,0
7049,0
16095,0
8901,0
7503,0
23484,0
7416,1
7090,0
3003,0
5128,0
34627,0
33647,0
18173,0
39884,0
3940,0
12421,0
20295,0
4775,0
4962,0
28008,0
27205,0
5610,0
9044,1
16584,0
15071,0
1684,1
19902,0
13464,0
16228,1
38389,1
330,0
6132,0
25597,1
19655,0
13451,0
19489,0
7070,0
21289,0
2692,1
33168,0
12208,1
27814,0
12212,0
4903,0
11823,0
33305,0
35645,0
7908,0
1800,0
9378,0
23186,0
10007,1
10448,1
29479,1
39058,0
15454,0
7638,0
39434,0
40311,1
36154,0
36682,0
10752,0
33841,0
738,0
709,0
39866,1
20675,0
13168,0
17020,0
341,1
40350,0
26936,0
25733,0
28053,0
37039,1
1594,0
38676,1
15112,0
14680,0
22468,0
12804,0
10284,0
37958,0
4351,0
29360,1
7449,0
9523,1
17484,1
31970,0
21610,0
25670,0
40436,0
36784,0
13620,0
17102,0
29178,0
27638,0
36128,0
24357,0
14874,0
7030,0
35556,0
24958,0
39549,0
12788,0
21418,0
6016,0
9880,0
3507,0
1549,0
5638,0
6874,1
37537,0
17287,0
1703,1
4068,0
2245,0
25890,0
35432,1
35108,0
23830,0
20048,0
35676,0
23256,1
7616,1
18486,0
37950,0
3566,0
37763,0
12101,0
41023,0
29255,0
10798,0
6514,1
3697,1
32029,0
36515,0
25379,0
22532,0
29556,0
2189,1
28289,0
19170,0
13353,0
29654,0
27244,1
21160,1
38230,0
18716,0
2916,0
29421,1
1888,1
23272,0
11247,1
10436,0
29102,0
25126,0
29537,0
648,0
19638,0
6491,0
17498,0
19943,0
19223,0
10012,0
31716,0
27517,0
13040,0
7981,0
22413,0
2207,0
31053,0
19482,0
11198,1
19412,0
34928,0
39738,1
9568,0
26668,0
36776,0
38468,0
239,0
22088,0
5233,0
32976,1
15988,0
2342,0
25893,0
14117,0
37547,0
31114,0
2294,0
29708,0
40967,1
2949,0
40618,0
35395,0
3693,0
31386,0
43,0
38374,0
21783,0
2672,0
36380,0
17980,0
26729,0
40775,0
26937,0
6813,0
312,0
22877,0
26447,0
18879,0
11242,1
33616,0
31579,0
23838,0
8450,0
16233,0
10353,1
38806,0
31828,0
28680,0
16332,0
40241,1
2571,0
9391,0
26360,0
15311,0
19580,1
21024,0
39732,0
831,0
1850,0
5174,0
10612,0
116,0
26882,0
14054,0
30596,0
399,0
21715,0
13608,1
32394,0
37195,0
27461,1
40255,0
13101,1
17339,1
17607,0
5045,0
15992,0
28818,0
20168,0
21763,0
14836,1
20809,0
26248,0
5172,0
23033,0
3988,0
36760,0
2828,0
18576,0
21165,0
41143,0
38150,0
21965,0
2725,0
32248,0
10838,0
12783,0
34831,0
39135,0
39406,0
13506,0
10229,0
39321,0
22776,0
30397,0
24082,0
22055,0
9793,0
15433,0
3530,0
10854,0
18335,0
37266,1
6224,0
37387,0
5040,0
23113,0
10917,0
27485,0
2448,0
40646,0
34280,0
22367,0
36588,0
13664,0
15888,0
7122,0
35460,0
38789,1
21257,0
19302,0
23617,1
2740,0
32308,0
3378,0
15711,0
27655,0
31702,0
15101,0
27256,0
35551,0
24315,0
20129,0
9693,0
35252,0
14803,1
9687,1
25319,0
14173,0
29297,1
26006,0
8147,0
15978,0
26311,0
36303,0
17588,0
35070,0
5908,1
37064,0
3245,1
35093,0
15368,0
35647,0
11532,0
5535,0
2213,0
40598,0
37333,0
959,1
618,1
22916,0
4308,0
39920,0
31284,0
10591,0
36979,0
27903,0
35653,0
14356,1
18927,0
7306,0
33711,0
15289,0
32601,0
9237,0
34093,1
3337,0
2965,1
15742,0
4771,0
11131,0
33346,0
30729,1
10013,0
33442,0
27565,1
30234,0
41085,0
16634,0
40621,0
18674,0
40066,0
28611,1
37695,0
4519,0
37929,0
34310,0
8178,0
14421,0
8707,0
28346,0
14788,1
25072,0
10026,0
19635,1
29155,0
18592,0
6631,0
10539,1
39523,0
20894,0
22777,1
31877,0
20635,0
39741,0
28563,0
30495,0
13649,0
31014,0
36078,0
12649,0
31911,0
40186,1
11070,0
28553,0
32244,0
30769,0
33588,0
36493,0
29132,0
16836,0
36043,0
39309,0
9647,0
25205,0
34052,0
31840,0
17051,0
32875,0
34389,0
3288,0
26712,0
20847,0
28079,0
11854,0
5936,0
15209,0
15612,0
21340,0
8829,0
22832,0
16341,1
8206,0
30384,0
29913,0
793,0
40115,0
38966,1
28582,0
40112,0
22533,0
27660,0
702,1
36794,0
24595,0
32527,0
991,0
30864,0
12503,0
21622,0
7705,0
12469,0
33786,0
37988,0
9358,1
41159,0
1889,0
39076,0
6832,1
15747,1
32116,0
13883,0
5018,0
30658,0
5325,0
40310,0
23354,0
35828,1
15219,0
16430,0
17931,0
2442,0
2974,0
22645,0
29390,0
1337,0
36975,0
10968,1
21239,0
24688,0
14339,0
31496,0
25565,0
33680,1
4810,0
18291,0
21690,1
5525,0
30122,0
4021,0
34252,1
33249,1
32763,0
38485,0
1397,1
33661,0
10444,0
26302,0
16680,0
32168,1
5923,1
31487,0
39591,0
29572,1
4955,0
7217,0
22379,0
1826,0
36407,0
18829,0
27774,0
20507,0
779,1
10339,1
3704,0
22194,1
38938,0
19699,0
36718,0
35981,0
29815,0
34661,0
283,0
38881,0
39109,1
26328,0
20578,0
29987,0
10311,0
40086,0
39865,1
14782,0
9288,0
5010,0
5598,0
14649,0
40622,0
11660,0
23014,0
23890,0
32368,0
18184,0
38176,0
30956,0
32259,0
15699,0
10214,0
21789,0
20715,0
28192,1
9761,0
35239,0
15771,0
33399,0
23968,0
32202,0
37442,0
28198,0
34545,0
11126,1
14943,0
7565,0
9022,0
35999,0
29626,0
3761,0
37217,0
9918,0
22196,0
2363,0
20821,0
18200,0
38182,0
10115,1
41128,0
20286,0
21645,0
1348,0
32632,0
12581,0
21084,0
18127,0
40996,0
21929,0
39366,0
16278,0
29476,0
20194,0
14169,0
12000,0
19931,0
9433,0
39457,1
13377,0
13013,0
21968,1
4040,0
538,0
11029,0
7646,0
35521,0
22342,0
977,0
23896,1
22479,0
21051,0
36960,0
4346,1
20476,0
18598,0
10263,0
36199,0
37160,0
33454,0
27992,0
29848,0
20552,1
31410,0
33207,0
25390,0
26146,1
25942,1
33041,0
33048,0
13363,0
34494,0
7870,1
5377,1
26445,0
15805,1
5775,0
6206,0
37984,0
8871,0
29458,0
8615,0
32767,0
38736,0
18345,0
6888,0
927,0
40742,1
15557,0
11048,0
22408,0
6890,0
37855,0
35609,1
34421,0
9591,0
37349,0
14360,0
31446,0
40051,1
35619,1
10941,0
33705,0
35957,0
39670,0
7462,0
8499,0
7680,0
18267,1
31319,1
15469,0
38823,0
19027,0
1710,0
25953,0
19247,0
27380,0
5215,0
28338,1
28168,0
34232,1
10876,0
33135,1
23568,1
18455,0
16828,0
25424,0
10036,0
3834,0
19301,0
4528,0
34818,1
9778,0
16084,0
39513,0
31344,0
21948,0
16294,0
28015,1
21830,0
35437,0
11195,0
7581,0
26082,0
14353,0
16871,0
317,0
2255,0
27085,0
7905,0
11980,0
33094,0
33131,0
24728,0
19697,0
19274,1
37910,0
29996,0
13511,0
31584,0
4943,1
11032,0
11852,0
24617,0
20657,0
2867,0
23986,0
4416,0
26680,0
4193,1
37542,0
26667,1
25028,1
30228,0
5847,0
9920,0
13538,0
1696,0
24221,0
20026,0
6592,0
31602,0
9618,0
39066,0
23974,0
30411,0
30352,0
21459,0
32341,1
19676,0
37806,0
18634,0
13916,0
6550,0
16359,0
13680,0
31466,0
4890,0
12147,0
11751,0
8476,0
6424,1
5292,0
10430,0
16599,0
37781,0
2577,0
33278,0
32309,0
36936,0
1490,0
24954,0
918,0
32080,0
23518,0
5883,0
20075,1
12283,1
21716,1
35670,0
31227,0
6418,0
29578,0
27415,0
35664,1
26645,0
26959,1
1661,0
20846,1
16666,0
10151,0
27576,0
30271,1
12257,0
24913,0
20052,0
27041,0
39579,1
25254,0
22358,0
5533,0
37244,1
24825,0
19557,0
27487,0
28345,1
19431,0
7155,0
5179,1
23566,0
8200,0
38215,0
22038,0
7678,1
33315,0
31591,0
6496,0
17324,0
10020,0
29744,0
23512,0
32665,0
18389,0
33612,0
8897,1
37530,0
19936,0
17737,0
16380,0
13290,1
37581,0
36729,0
36040,0
30861,0
39772,0
14791,0
18365,0
21599,0
18403,1
27341,1
29151,0
12745,0
38554,0
16270,0
24348,0
13330,0
8908,0
12163,0
23923,0
28825,0
10079,0
32973,0
16817,0
21410,0
578,1
4326,0
19537,0
21157,0
3831,0
32791,0
40947,0
29837,0
1092,1
6885,0
3799,0
31642,0
32943,0
5085,0
29183,0
710,0
41002,0
7822,0
11546,1
1732,0
33319,0
19564,0
2756,0
29946,0
3789,0
25985,0
5326,0
28150,0
38078,0
8171,0
5853,1
10880,0
12110,0
34015,0
21780,0
35910,0
22774,0
4246,1
17873,1
5872,0
14494,0
10512,0
21632,0
38315,0
33988,0
33822,0
5226,1
21907,0
1588,0
8288,0
16048,0
11449,0
21756,0
23819,0
4410,0
29333,0
7893,0
29004,0
19550,0
1837,0
31361,0
3529,0
38786,0
33232,0
37578,0
25877,0
23458,0
29743,1
2437,0
39035,0
19484,0
29567,0
33292,0
10299,0
4148,0
17222,0
20467,0
24414,0
26231,0
13819,0
1434,1
32010,0
4404,0
40625,0
40426,1
30623,0
22013,0
13332,1
31013,0
27218,0
15639,0
18362,0
38970,0
40797,0
28532,0
22509,0
21283,1
38880,0
10533,0
5304,0
37101,1
33483,0
28217,0
14940,0
10538,0
32903,1
32961,0
31866,0
13924,1
17531,0
31863,1
39595,0
23454,0
19917,0
21185,0
23699,0
36587,0
25412,1
20568,0
21156,0
8504,1
38402,0
23430,0
17496,0
13974,0
31203,0
31998,1
33778,0
13756,0
32487,0
3226,0
7266,0
17196,0
35616,1
15961,0
9048,0
6898,0
14057,0
30490,1
17208,0
98,0
16694,1
39633,0
14467,0
19458,0
29026,0
22961,0
28358,1
12618,0
993,0
13734,0
326,0
25608,0
4918,0
19678,0
33790,1
22334,0
23987,0
37729,0
6282,1
40750,0
32613,0
21549,0
32171,0
8592,0
21286,1
9312,0
7861,0
37365,0
18521,0
37813,0
28728,0
35802,0
16649,0
1411,0
21897,0
35084,0
31023,1
18671,0
18301,0
24633,0
34596,0
966,0
31190,0
3396,0
13064,0
1114,0
15809,0
21104,0
33716,0
33534,0
8931,0
17003,1
3031,1
33713,0
40512,0
32553,0
39140,0
33543,0
24402,0
20018,0
9803,0
2857,0
35486,0
29904,0
34847,0
6237,0
32258,0
14044,0
7831,0
28917,0
16088,0
4393,0
39375,0
5961,0
26348,1
17521,0
3938,0
20904,0
22945,0
18434,0
3252,0
17647,0
32539,0
24573,0
1510,0
33150,0
11601,0
21786,1
30416,0
19293,0
32633,0
20957,0
31569,0
38162,0
7264,0
10210,0
8153,0
3525,0
19679,0
40526,0
6646,0
3732,0
35448,0
11783,1
18191,0
31291,0
18725,0
28468,1
16366,0
33077,0
33492,0
39893,0
19452,0
17121,1
16502,0
2357,1
12414,0
38066,0
4339,0
11430,0
3826,1
13148,0
39868,0
16796,0
416,1
31950,0
18697,1
2222,0
9736,0
898,0
16505,0
24075,0
8939,0
12387,0
27450,0
31701,0
22090,0
41105,1
17915,0
36815,0
7811,0
4045,0
25041,0
5925,0
5548,1
35937,0
19104,0
23444,0
32936,0
27361,0
35591,0
40891,0
35385,0
26769,0
14865,1
7563,0
26362,0
26764,0
7002,0
34437,0
11797,0
22518,0
19647,1
35320,0
12378,0
22907,0
22241,0
16541,0
23931,0
24296,0
20899,0
35342,0
1723,0
26301,0
26642,0
28433,0
22964,0
32304,0
14933,0
34913,0
37374,1
30396,1
17162,0
36981,0
18286,0
8442,0
18149,0
21856,1
3623,0
7303,0
40527,0
20230,1
34250,0
21603,0
35861,0
39061,0
20196,0
15599,0
38392,0
31032,0
5455,0
40727,1
3633,0
6465,1
24434,0
32645,0
28101,0
36670,0
7665,0
30800,1
19011,0
16823,0
2109,0
36360,0
3401,1
16963,0
16342,1
33692,0
17011,0
12286,1
3806,1
23068,0
8331,0
36169,0
4229,0
20945,1
35641,0
7817,0
6923,0
16171,0
8140,0
19370,0
4562,0
2683,0
6271,1
37876,0
24886,0
21109,0
19044,0
16815,0
69,1
13253,0
13477,0
30855,0
13153,0
11270,0
14386,0
32783,0
11306,0
39433,0
32989,0
5511,0
1498,0
5536,0
10545,0
24925,0
242,1
3455,0
8337,0
16794,0
10397,0
26795,0
19742,1
30424,1
21977,0
26507,0
30636,0
29481,0
3263,0
31909,0
22471,0
36242,0
19286,0
7487,1
36162,0
11834,0
14737,0
16071,1
17416,0
873,0
11187,0
18209,1
13367,0
3578,0
22059,0
31690,0
22681,0
10080,0
21338,0
12048,0
4756,0
38003,0
24001,0
36770,0
25300,0
37478,0
13834,0
26466,1
3950,0
28499,0
36591,0
3790,0
25129,0
12681,0
2275,0
1882,0
39162,0
7475,0
32386,1
26403,0
3286,0
34264,0
24413,0
18737,0
30511,0
9538,0
26901,0
31662,0
16912,0
31038,1
14299,0
11488,1
38873,0
27247,0
27234,0
1707,0
1771,0
37903,0
34953,0
26939,0
20076,0
21553,0
18172,0
2383,0
12016,0
25365,0
31060,0
18084,0
2266,0
16196,0
6328,0
25967,0
12829,0
3776,1
6048,0
38846,0
1350,0
24419,0
7237,0
31922,0
26886,0
2874,0
24205,0
6556,0
40482,0
3474,0
2312,0
33936,0
11757,0
39377,0
9576,1
28475,0
21039,0
6478,0
10427,0
19269,0
30339,0
30163,1
649,0
29918,0
22899,1
37372,0
21428,0
31306,0
19176,0
3589,0
20631,0
18532,1
16387,0
37284,1
16503,0
26504,0
35893,0
6432,1
20345,0
14524,0
12184,0
13104,0
37363,0
186,0
40975,0
32893,1
28749,1
14500,0
10465,0
27389,0
36311,0
33134,0
764,0
26593,0
3847,0
23012,0
29379,0
32446,0
32070,0
14993,0
11699,0
39417,0
26717,0
14427,0
7613,0
24422,0
24758,0
647,0
36441,0
12486,1
733,0
36456,1
26244,0
14045,1
36725,0
20016,0
18342,0
38309,0
29737,0
27469,0
9296,0
4082,0
30321,1
165,0
33149,0
2705,0
26529,0
21455,0
28811,0
7497,0
16573,1
15601,0
31321,0
29767,0
31801,0
24190,0
27535,0
13247,0
34188,0
35886,0
23907,0
13438,0
26566,0
38701,0
22975,0
3893,0
19985,1
32564,0
3594,0
34182,0
8765,0
12854,1
26240,0
35674,0
5836,1
4445,1
11775,1
22036,0
28882,1
9986,0
30436,0
3184,0
12488,0
5218,0
12350,0
20062,0
27667,0
40516,1
34356,0
22724,0
27983,0
36765,0
3803,1
32774,0
10035,0
18049,0
22312,0
36492,0
1347,0
27224,0
33903,0
29221,0
28216,1
8892,0
31810,0
4207,0
6366,0
31045,0
22636,1
19732,0
16671,0
13196,0
15322,0
16185,0
18045,0
13941,0
23975,0
6946,1
24314,0
31247,0
36868,0
7324,0
9861,0
1632,0
10962,0
20840,0
26297,0
36148,0
35168,0
27537,0
15267,0
26055,0
30509,0
29343,0
28438,0
18718,0
13674,0
35589,0
12422,0
6769,0
21115,0
2602,1
23280,0
3753,0
25323,0
22714,1
13600,0
20006,0
3067,0
7024,1
17704,0
7577,0
39011,1
41016,1
28073,0
14273,0
26895,0
23693,0
35393,0
27618,0
18555,0
19970,0
10670,0
1183,0
20259,0
24551,0
23628,0
16583,0
628,0
36707,0
16293,0
2007,0
36229,0
25959,0
29235,1
14742,1
25638,0
4471,0
34055,0
376,0
7096,0
25982,0
31874,0
34330,0
8413,1
8057,0
25946,0
33524,1
40844,0
22118,0
27871,1
10424,0
19020,0
36166,1
1298,0
16792,0
23335,0
36782,0
27067,0
37905,0
8082,0
7339,0
2126,0
18306,0
19040,0
12050,0
6663,0
11904,0
11997,0
28096,0
30976,0
20290,0
26480,0
6650,1
40899,0
8795,0
19719,0
5869,0
17590,0
35157,0
36633,0
39907,1
31742,0
24863,0
24619,0
24678,0
20713,0
12484,0
28636,0
26007,0
4602,0
20970,0
31002,0
4737,0
26546,0
418,0
19193,0
8648,1
20371,0
18137,0
27647,1
33352,0
1260,0
14445,0
31141,0
14754,0
2564,0
12374,0
3021,0
13815,0
17244,0
1383,0
39636,0
20646,0
18794,1
24342,0
32056,0
4269,0
37933,0
32831,0
2518,0
29107,0
32678,0
20248,0
5762,0
39328,1
13938,0
39578,0
12335,0
36995,1
15767,0
12596,0
29216,0
30744,0
37519,0
21235,0
40980,0
30117,0
8394,1
1991,0
35663,0
38017,0
31254,0
942,1
4212,0
14832,0
33428,0
18670,0
13650,0
19688,0
19038,0
38822,0
40395,0
19749,0
21717,0
34512,0
22934,0
22552,0
11418,1
36093,0
34615,0
16726,0
3842,0
33637,1
4372,1
12619,0
14275,0
20520,0
33974,0
23135,0
27678,0
40445,1
32224,0
13863,1
16894,0
28507,0
626,0
35658,0
38739,0
26306,1
14310,0
33812,0
23868,0
16550,0
40966,0
41015,0
40268,0
26953,1
20482,0
3100,1
34050,1
13931,0
1959,0
25787,0
35273,0
25016,0
31448,0
30327,0
32640,0
34313,1
17179,0
23024,0
39265,0
19271,0
36696,0
28959,0
15673,0
34796,0
17362,0
38142,0
18411,0
27403,0
35580,0
952,0
3002,1
28962,1
32604,1
9826,1
27287,0
5386,0
35145,0
26238,0
18636,0
19824,0
34837,0
14137,0
28564,1
26998,0
20207,0
11105,0
35927,0
16377,0
34,1
4523,0
5388,0
32573,0
3758,0
8087,0
28559,0
23688,0
17624,0
1863,0
36033,0
6235,0
4169,0
11960,0
27817,1
16460,0
36031,0
38572,0
29428,0
40924,0
12702,0
2592,0
37210,0
29487,0
3833,0
13999,0
11942,1
10890,0
6686,0
6549,1
39306,0
30755,0
37289,1
39735,0
11107,0
3735,0
39658,0
40574,0
8279,0
29502,0
378,0
21808,0
28111,0
37757,0
12995,0
4844,0
16826,0
1793,0
27088,0
2165,1
36859,1
31758,0
33203,1
8501,0
8726,0
14926,1
34326,0
1761,0
6426,0
25304,1
8761,0
6747,0
31586,0
9211,0
37570,0
12234,1
19687,0
37074,0
24186,0
23129,0
8508,0
23689,0
40735,1
25884,1
5991,0
23224,0
34410,0
18223,0
26996,0
14711,0
200,0
23134,0
24867,0
22750,0
12969,0
35563,0
14804,0
3043,0
13822,0
6730,1
37213,0
29879,1
25994,0
23878,0
27998,0
38557,1
27136,0
4405,0
780,0
6181,0
33430,0
20083,0
11149,0
20580,0
20814,0
22400,0
7414,0
13832,0
34117,0
18685,1
26043,0
31576,0
1856,0
38325,0
27934,0
29269,1
16831,0
32166,1
2588,0
15666,1
31136,0
7911,0
39525,0
39647,0
25123,0
369,1
14049,0
28663,1
35244,0
9902,0
40701,0
9282,0
38913,0
18295,0
21758,0
36800,0
29147,1
21724,0
37460,0
8124,0
6399,0
39487,0
11568,0
5165,1
12423,1
18494,0
7183,0
13400,1
8993,0
39607,0
16003,0
4845,0
5595,0
36802,0
14603,0
40596,1
35177,0
38593,0
35749,0
1061,0
11768,1
5384,0
8858,1
24997,0
32084,0
11206,0
7109,0
18490,1
7270,0
23156,0
31382,0
27721,1
29736,0
8982,0
697,0
28977,0
19776,0
4235,0
13298,0
38936,0
20348,0
35637,0
745,0
1288,0
517,0
13951,0
7989,0
32270,0
32621,0
3128,0
6925,0
2896,0
34374,0
10552,0
6056,0
13867,0
36327,0
4341,0
14641,0
34585,0
13307,0
5742,0
15920,0
7880,0
27844,0
1086,0
12525,1
24898,0
18616,0
40540,0
3298,0
30051,0
13532,0
8354,0
36207,0
23210,0
24669,1
1717,0
3916,0
28685,1
17193,0
17237,0
30679,0
8105,0
26559,0
24347,0
37020,0
16674,1
24601,0
40547,0
37264,0
38683,0
1448,0
34887,1
18194,0
13204,0
30412,0
4342,0
32743,1
18487,0
34955,0
35033,0
37254,1
8467,0
27815,0
6492,0
4219,0
18881,0
36017,0
12073,0
15482,0
40229,0
20867,1
6062,1
2658,0
15951,0
20166,0
35337,0
20292,0
3707,0
28003,0
39223,0
7949,0
14623,0
21337,1
35106,0
24691,0
2894,0
39605,0
11118,0
34891,1
7738,0
29067,0
6204,0
39643,1
7568,0
25722,0
26964,0
33147,0
6528,0
31784,1
23571,0
38746,0
10351,0
24147,0
32246,1
11671,0
21287,0
1204,1
6379,0
7134,0
8304,0
11667,0
18770,0
4322,1
3820,0
3614,1
32822,0
15661,0
38843,0
37227,0
39251,0
24681,0
34599,0
15944,0
30579,0
18834,0
39358,0
8202,0
28121,1
19277,0
19535,0
18388,0
25406,0
20117,0
31914,0
11832,0
7028,0
35344,0
10192,0
3660,0
15777,0
6225,1
18339,0
33801,0
5916,0
28983,0
18025,0
5490,0
8569,0
13651,0
35728,0
6887,0
13681,0
28998,0
33288,0
26631,0
1496,0
14668,0
29982,0
32099,0
28969,0
25647,0
36645,0
17018,0
23860,0
18874,1
8445,0
28778,0
36276,0
28299,0
6948,0
37613,1
34459,0
36673,0
29279,0
21426,0
33463,0
13957,1
1248,0
29025,0
32091,0
14856,1
18843,0
11841,0
18176,0
27260,0
11541,0
12571,0
10746,0
13529,0
15393,1
16985,0
8763,0
25949,0
26388,0
5371,0
15364,0
19012,0
6388,0
34651,0
15864,0
13953,0
7250,1
17595,0
34146,1
37406,0
17291,0
22629,0
18272,0
12524,0
30082,0
34322,0
19140,0
32827,0
279,0
21798,1
36365,0
14881,0
37048,0
22893,1
30687,0
13825,0
14871,0
9769,1
40083,0
2305,0
22868,1
2350,0
19637,0
3155,1
8091,0
34715,0
29690,0
29939,1
7168,1
12088,0
9183,1
19321,0
18647,0
9206,0
28248,0
24149,0
30130,0
38898,0
12710,0
16111,0
16914,0
23041,0
29633,0
17847,0
17364,0
22814,0
39863,0
39086,1
39601,0
38648,0
3068,0
13713,0
17407,0
5780,0
28257,0
1758,0
24453,0
38811,0
2754,0
15497,1
11098,0
19210,1
21126,1
36214,0
30463,0
33105,0
8786,0
16660,0
5821,0
20216,0
40756,0
28456,0
8170,0
24978,0
25698,0
31342,0
12954,0
21835,0
1575,1
22179,0
27930,0
35825,0
11591,0
20630,1
28898,1
6865,1
21401,0
35474,0
36985,1
37121,0
17819,1
14597,0
20182,0
25472,0
38079,1
20341,1
3585,0
32193,0
1227,1
21504,0
36010,0
8944,0
33550,0
18317,0
11645,0
10593,0
31185,1
25468,1
2960,0
17720,0
5657,0
33064,0
22111,0
11976,0
37124,0
7685,0
11592,0
3914,0
32590,0
29646,0
32877,0
40582,0
35945,0
1181,0
6863,1
28796,1
4428,0
1433,0
21616,1
21595,0
22902,0
8923,0
15558,0
40380,0
4292,1
31694,0
37611,0
10496,0
34824,1
26830,0
2879,0
14285,1
11121,0
14128,0
5940,0
9116,0
39014,1
23175,0
38568,0
36535,1
15199,0
1904,0
39297,0
1197,0
758,0
13909,0
39096,0
37000,0
5579,0
40751,0
30162,0
8249,0
34977,0
4699,0
35305,0
9062,0
19313,0
36253,0
29704,0
5356,1
28575,0
33864,1
14470,0
31026,0
36910,0
16441,0
8054,0
14682,0
38171,0
1182,0
3197,0
9480,0
38432,0
7538,0
23069,1
3189,0
12140,1
1500,0
2142,0
29618,0
35056,0
7003,0
13976,0
19949,0
16398,0
3850,0
38201,0
2847,0
1147,1
27277,0
21840,0
34075,0
33847,0
19148,0
32480,0
35185,0
15292,0
23737,1
6889,0
21987,0
32177,0
16297,0
17348,0
13259,0
12522,1
26405,0
41129,0
18167,0
9165,0
8517,0
28148,1
1741,0
11461,1
36460,0
15974,0
31173,0
6911,0
11925,0
15092,0
31151,0
6936,0
21928,0
17385,0
31734,0
35117,0
2854,0
7569,1
22283,1
14447,0
10146,0
33752,0
8613,0
22303,0
4921,0
31144,0
37282,1
14132,0
30070,0
7431,0
36102,0
16768,0
22325,0
3451,0
38156,0
31265,0
36989,0
13596,0
29399,0
32931,0
37001,0
11988,0
39119,0
18053,0
32688,0
4253,0
2053,1
33293,0
23884,0
38762,0
25271,0
14583,0
3592,0
16264,0
32121,0
19268,1
33771,0
2617,1
28606,0
28709,1
38417,0
14163,0
33256,1
12653,0
37400,0
14513,0
22732,0
14741,0
22535,0
15384,0
18575,0
12223,1
34854,0
29500,0
27158,0
39765,0
36347,0
28364,1
29056,0
21440,0
37663,0
10675,1
15004,0
39667,0
6527,0
25356,0
32036,0
30312,0
9354,0
40911,0
17571,1
14029,0
26492,0
5078,0
6262,0
41039,0
16132,1
2071,0
6197,0
15821,1
35112,0
40872,0
3296,0
22198,0
3202,0
2034,0
11215,0
19407,1
264,0
19165,0
38305,0
9747,0
8435,1
28116,0
7388,1
32118,0
33000,0
16545,0
3481,0
7369,0
6585,1
23652,1
40307,0
18391,0
14929,0
12781,0
31697,0
6354,0
11031,1
24641,0
4641,0
6244,1
25321,0
8909,0
39180,0
26341,0
37850,0
24232,0
25579,1
19102,0
20072,0
23338,0
26154,0
1719,0
23687,0
9189,0
3053,1
32512,0
16657,0
31156,0
6860,0
36997,1
22637,0
30943,1
1097,0
7119,1
33559,0
24139,0
32616,0
32228,1
4805,0
4900,0
19713,0
31630,1
7117,1
6216,0
15220,0
12133,0
21060,0
23409,0
28336,0
25388,0
15177,0
36913,0
27416,0
23933,0
29429,1
26692,0
29488,0
18578,0
20573,0
11245,0
9571,0
39462,0
22101,0
19415,0
38734,1
8293,1
6053,0
34813,0
16981,0
6746,0
9987,0
23314,0
196,0
16229,0
21355,0
38748,0
17664,0
5264,0
17479,1
30182,0
4335,0
8248,0
21382,0
29046,0
26688,0
23427,0
16098,0
4707,0
40393,0
8745,0
15902,1
19146,1
24896,0
39704,0
18525,0
26048,0
40375,0
38778,0
18695,0
4634,1
18379,0
32907,0
9370,0
35047,0
6879,0
11234,0
20730,0
20415,0
39659,0
36818,0
4592,0
28377,1
16936,0
9547,1
34951,0
39630,0
36147,0
23516,0
12341,0
21014,0
26286,1
7821,1
14916,0
12757,0
32911,0
21027,0
6149,0
25648,0
14958,0
27864,0
5746,0
35161,0
28789,0
28376,0
6596,0
21385,1
21358,0
18012,0
34769,0
18558,0
10389,0
12053,1
39390,1
38409,0
34969,0
15069,0
6272,0
8230,0
12181,0
12135,0
21807,0
8677,0
14366,1
12858,0
960,0
26430,0
29870,1
6000,0
181,0
12701,0
14412,1
22833,0
4028,0
3645,0
37398,1
20817,0
10091,0
13759,0
32684,0
10755,0
32343,0
19438,0
31722,0
16570,0
21582,0
32723,0
31397,1
5975,0
8194,0
12348,0
5140,0
33726,0
37445,0
28503,0
38713,1
27604,1
39571,0
39997,0
24706,0
38895,0
24948,0
28118,0
27508,1
26194,0
31077,0
13988,0
15030,1
10333,1
4480,0
26273,0
32494,1
13150,0
27443,0
14936,0
8755,0
19348,0
9311,0
6814,1
1377,0
40521,0
5298,1
26638,0
6725,0
8132,0
27836,0
7640,0
24210,0
4420,1
38238,0
19882,0
23077,0
17503,0
12519,0
9469,1
17220,0
30557,0
40174,0
134,0
21532,0
40896,0
29590,0
36076,0
14073,0
4227,0
41038,0
9598,0
3406,1
7323,0
25562,0
5557,0
11636,0
32656,0
10245,0
34895,0
6597,0
3211,0
4057,0
23085,0
36830,0
20355,0
7779,0
17024,0
15875,0
25410,0
13356,0
3165,0
18868,1
18207,0
26914,1
32516,0
39760,0
13729,0
8899,0
22021,0
26245,0
14222,0
8976,1
3923,0
16818,0
18197,0
18461,0
3905,0
5824,1
32027,0
29261,0
36447,0
9743,1
28153,1
28059,0
23083,1
27449,0
40974,1
36731,0
38921,0
20001,0
28106,0
30961,0
32850,0
18952,1
17930,0
16330,0
12036,0
38925,0
11281,1
2848,0
37168,0
14976,0
2799,0
29307,0
23008,1
33389,1
19632,0
39435,0
31015,0
18937,0
4396,0
37015,0
8362,0
4538,0
27664,1
25383,0
20718,0
34794,0
2955,0
30147,0
11865,0
29814,0
40334,0
15039,0
10801,1
6978,0
1390,0
1039,0
21707,0
33857,1
7419,0
20859,0
19025,0
36410,0
1896,0
34514,1
38434,0
27298,0
9441,0
38844,1
9027,0
39155,0
40777,0
11791,0
24674,0
1318,0
8047,1
21036,0
8889,0
2676,0
3945,1
5068,0
31090,0
9051,0
19525,0
19449,0
37587,0
17726,0
32928,1
29520,0
3541,1
37636,0
30097,0
24482,0
4469,0
7605,0
20777,0
34649,0
8913,0
23592,0
19496,0
33940,0
28524,0
34141,0
8986,0
8489,0
31797,1
10045,0
19107,0
23855,0
3839,0
16106,0
16180,0
2310,1
8049,0
35729,0
38896,0
34764,1
3673,0
2457,0
7653,0
24008,1
35210,0
9936,1
35403,0
38026,0
11487,0
13053,0
16362,0
31928,0
24068,0
39103,0
18444,0
12528,0
13364,0
27677,0
28711,0
32706,0
41132,0
623,0
27494,0
34116,0
26109,0
39777,0
5732,1
23245,0
17365,0
34864,0
38664,0
12574,0
35770,0
37671,1
39323,0
33944,0
6604,0
23873,0
15363,0
20218,1
1296,0
19398,0
15984,0
31930,0
12307,0
31755,0
33119,1
25238,1
20579,0
586,0
7724,0
26288,0
28520,0
4667,0
31525,0
1026,0
2578,0
21502,0
2987,0
39415,1
27623,0
35724,0
22982,0
11919,0
4879,0
27406,0
15018,0
13131,0
6018,0
17115,0
34229,0
6253,0
22563,0
5740,1
27899,0
3025,0
11015,0
4058,0
7743,0
29262,0
6536,0
2091,0
13630,0
21431,1
21994,1
30710,0
12535,0
5336,1
32160,0
33216,0
10370,0
38487,0
12760,0
9225,0
31071,0
8106,0
35744,0
39033,0
23367,1
18849,0
40669,0
17041,1
22951,1
28972,0
19185,0
24802,0
16613,0
9038,0
30333,1
29790,0
29915,0
18963,0
17355,0
10999,1
23832,1
9103,0
7515,0
21003,1
31040,0
2943,0
2548,0
4679,0
32459,0
17965,1
6666,1
29459,1
31299,1
21981,1
27119,0
33533,1
40008,0
30212,0
21620,0
28808,0
31229,0
12732,0
10542,0
5394,0
18363,0
19243,1
19979,0
16186,0
1564,1
41112,0
27839,0
31945,0
36025,0
16675,0
36907,0
35792,0
36755,0
7800,0
12277,0
3734,0
25724,0
38427,0
19150,0
22811,1
31134,0
16379,1
20807,0
25252,0
20315,0
35166,0
37112,0
32267,1
11478,0
5694,0
16597,1
34187,0
7268,0
23002,1
34550,0
35221,0
10050,0
23366,0
2001,0
18153,1
27426,0
38700,0
24927,0
7753,0
34162,0
29673,0
15553,0
4981,0
10820,0
19021,0
2900,0
33359,0
31516,0
30533,0
28990,0
38974,0
40920,0
29887,0
28913,1
4430,0
30900,0
37407,0
1387,0
16168,1
32108,0
13842,0
37907,0
34803,0
344,0
17446,0
6778,0
2254,1
8844,0
7285,0
37579,0
36232,0
39864,0
36578,0
1815,0
32240,1
139,0
904,0
31133,0
19700,1
120,0
20990,0
32611,0
11373,0
28428,0
9123,1
19006,1
19291,1
15181,0
9588,0
39845,0
11756,0
34373,0
24717,0
23045,0
32126,0
12248,0
12904,0
24840,0
19147,0
19791,1
39602,0
38008,1
9426,0
36664,0
37235,1
21279,0
17433,0
31943,0
35504,1
9728,0
5341,0
6580,0
32064,0
16358,0
27557,0
18954,0
40993,0
15423,0
6483,0
23182,0
5686,0
22442,1
9831,0
32525,0
1794,0
24952,0
10650,0
29692,0
6311,0
6199,0
40768,0
21072,0
39840,0
20642,1
22805,0
30353,0
9830,1
20007,0
14722,0
35764,1
19392,0
4620,0
4305,0
7643,0
38976,1
37057,0
4579,0
14452,1
28661,1
25456,0
39981,0
38359,1
33558,0
11450,0
11056,0
18729,0
14490,0
15125,1
36769,0
36887,0
18628,0
17411,0
26825,0
25960,0
8617,0
7920,0
23217,0
25119,0
9633,0
31492,0
1613,0
20097,1
12859,0
27308,0
17874,1
13295,0
4159,0
25550,0
7701,0
6169,1
119,0
15520,0
1534,0
3452,0
19992,0
35873,0
35301,0
1555,1
18290,0
31937,0
35008,0
8735,0
2041,0
35039,0
40243,0
19786,0
31333,1
23742,1
21670,0
38625,0
15382,0
2117,0
13114,0
15610,0
12508,0
2647,0
39562,0
27451,0
35162,0
37951,0
5764,0
24645,0
14458,0
18960,0
21306,0
20206,1
18175,1
14083,1
21820,0
7191,0
4613,0
39172,0
29812,0
5705,0
30488,0
8145,0
21543,0
10111,0
31084,0
7573,0
30282,0
5189,1
13098,0
31682,0
36306,1
35819,0
4783,0
34689,0
22349,1
16549,0
15280,0
33198,0
1516,0
1275,0
19866,0
25408,0
20965,0
827,0
7571,0
9100,0
29924,0
5026,0
4985,1
2215,0
26381,0
26463,0
8020,0
2009,0
8869,0
39883,0
1812,1
16031,0
28304,1
21967,0
37275,0
512,1
14886,0
17067,0
31464,0
35575,0
39689,0
15606,1
32421,0
9172,0
4660,0
30142,1
36649,0
27196,0
31256,0
21496,0
24095,0
640,0
23891,0
2434,1
40758,0
35049,0
1456,0
37408,0
31787,0
26108,0
32629,0
29676,0
26608,0
20818,0
31404,0
24407,0
17381,0
7686,1
30279,0
37524,0
40040,0
34548,1
40459,0
22903,1
9448,1
36510,0
15999,0
28265,0
36944,0
40454,0
7478,0
19822,0
37313,0
25918,0
37206,1
14149,0
241,0
4170,0
15335,0
33136,0
35717,0
41140,1
39082,0
40615,0
22827,0
18241,0
3287,0
15727,0
24088,0
21766,0
39495,0
38793,1
2946,0
5551,0
14543,0
2638,0
11265,0
40606,0
23263,0
33244,0
8372,0
35293,0
33779,0
3882,0
25015,1
2191,0
18583,0
23942,0
9733,0
24786,0
4730,0
35458,0
5989,0
29695,0
6400,0
26088,0
28342,1
28777,0
21983,0
3580,0
18783,0
14061,0
19042,0
36339,0
39491,1
21619,0
23152,0
35800,0
26209,0
32603,0
31239,0
14763,1
34478,0
28209,0
986,0
14159,0
25055,0
122,0
28288,0
1053,0
26434,0
25374,0
902,0
17452,0
3208,0
10237,0
29901,0
10287,0
2074,0
12792,0
36692,0
7964,0
31903,1
29933,0
37351,0
30590,0
36428,1
6708,0
35483,0
23971,0
36837,0
28300,1
35174,0
2304,1
19114,0
11551,1
2499,0
20985,0
11355,0
850,1
13005,1
25624,0
5434,0
23090,1
9349,0
10173,0
38607,0
28692,0
11296,0
18759,0
23001,1
24589,0
3309,0
23766,0
939,0
32967,0
1644,0
36337,0
11451,0
19976,0
34340,0
10919,0
32617,0
37361,0
2095,0
25970,0
33193,0
20077,0
18398,0
35350,0
35260,0
5048,1
38120,0
1994,0
34408,0
3703,0
13533,0
20697,0
9451,0
18652,0
40542,0
17841,0
212,0
20989,0
7589,1
6542,0
1662,0
4772,0
33283,0
9242,0
3601,0
39150,0
38610,0
30515,0
31488,0
15348,0
3493,0
19860,0
23494,0
4036,1
23961,0
15617,0
6996,0
15134,1
39951,0
10405,0
26541,0
11327,0
4380,0
41050,0
6081,0
8099,0
10127,0
39983,0
19378,0
40003,1
40837,0
16451,0
12383,0
40728,0
8368,1
34165,1
29202,0
20442,0
1520,0
18086,0
31789,0
38136,0
41087,1
21002,0
33426,0
11868,1
22022,1
28137,0
27979,0
25800,0
37471,1
16807,0
12322,0
23440,0
29431,0
16627,0
1871,0
